cbsa,name,miles,pop2020,pumas_touching,pumas_assigned,coverage,purity,fit_flag
17140,"Cincinnati, OH-KY-IN",6.7,2249797,19,18,0.996,0.974,False
19430,"Dayton-Kettering-Beavercreek, OH",50.3,814049,6,6,1.0,1.0,False
44220,"Springfield, OH",67.5,136001,1,1,1.0,1.0,False
30460,"Lexington-Fayette, KY",73.7,516811,6,4,0.845,0.943,True
18020,"Columbus, IN",75.0,82208,1,1,1.0,0.639,True
31140,"Louisville/Jefferson County, KY-IN",88.2,1362180,11,10,0.944,0.993,False
34620,"Muncie, IN",89.7,111903,1,1,1.0,1.0,False
26900,"Indianapolis-Carmel-Greenwood, IN",98.8,2089673,16,15,0.993,0.983,False
18140,"Columbus, OH",105.0,2138926,19,16,0.954,1.0,False
14020,"Bloomington, IN",110.6,161039,2,1,0.868,1.0,False
30620,"Lima, OH",116.1,102206,1,1,1.0,1.0,False
26580,"Huntington-Ashland, WV-KY-OH",119.7,376155,4,2,0.742,0.895,True
21060,"Elizabethtown, KY",121.3,125569,2,1,0.882,1.0,False
29020,"Kokomo, IN",127.8,83658,1,1,1.0,0.611,True
23060,"Fort Wayne, IN",141.1,447781,4,3,0.861,1.0,False
45460,"Terre Haute, IN",153.7,168875,2,2,1.0,0.804,True
31900,"Mansfield, OH",155.0,124936,1,1,1.0,1.0,False
29200,"Lafayette-West Lafayette, IN",156.4,223716,3,1,0.833,1.0,True
37620,"Parkersburg-Vienna, WV",160.4,89490,1,1,1.0,0.657,True
16620,"Charleston, WV",163.3,210605,3,1,0.858,1.0,False
36980,"Owensboro, KY",169.5,112464,2,1,0.919,1.0,False
45780,"Toledo, OH",178.6,606240,6,4,0.892,1.0,False
14540,"Bowling Green, KY",179.8,179639,2,1,0.749,1.0,True
21780,"Evansville, IN",179.9,269256,2,2,1.0,0.891,False
