STATEFP,PUMA5CE,CBSA Code,pop_in_cbsa,puma_pop,share,assigned
18,00900,23060,62371,134842,0.4625,False
18,01001,23060,134471,134471,1.0,True
18,01002,23060,126299,126299,1.0,True
18,01003,23060,124640,124640,1.0,True
18,01100,29200,29025,124839,0.2325,False
18,01200,29200,186251,186251,1.0,True
18,01300,26900,15359,136887,0.1122,False
18,01300,29020,83658,136887,0.6111,True
18,01600,29200,8440,103797,0.0813,False
18,01600,45460,62722,103797,0.6043,True
18,01700,45460,106153,106153,1.0,True
18,01801,26900,142883,142883,1.0,True
18,01901,26900,133816,133816,1.0,True
18,01902,26900,141580,141580,1.0,True
18,02000,26900,130129,130129,1.0,True
18,02100,34620,111903,111903,1.0,True
18,02200,26900,87255,123981,0.7038,True
18,02300,26900,174788,174788,1.0,True
18,02401,26900,109582,109582,1.0,True
18,02402,26900,112126,112126,1.0,True
18,02403,26900,122321,122321,1.0,True
18,02404,26900,153342,153342,1.0,True
18,02405,26900,153549,153549,1.0,True
18,02406,26900,172462,172462,1.0,True
18,02407,26900,153821,153821,1.0,True
18,02500,26900,161765,161765,1.0,True
18,02600,26900,124895,124895,1.0,True
18,02800,14020,21321,160195,0.1331,False
18,02900,14020,139718,139718,1.0,True
18,03000,18020,82208,128636,0.6391,True
18,03200,17140,79404,118136,0.6721,True
18,03300,21780,89120,122131,0.7297,True
18,03400,21780,180136,180136,1.0,True
18,03600,31140,148320,148320,1.0,True
18,03700,31140,121093,121093,1.0,True
21,00400,14540,45085,177508,0.254,False
21,00500,14540,134554,134554,1.0,True
21,01200,21060,14867,170068,0.0874,False
21,01200,31140,76741,170068,0.4512,False
21,01300,21060,110702,110702,1.0,True
21,01400,36980,9152,113497,0.0806,False
21,01500,36980,103312,103312,1.0,True
21,01600,31140,101707,101707,1.0,True
21,01701,31140,139656,139656,1.0,True
21,01702,31140,102528,102528,1.0,True
21,01703,31140,118162,118162,1.0,True
21,01704,31140,139866,139866,1.0,True
21,01705,31140,134847,134847,1.0,True
21,01706,31140,147910,147910,1.0,True
21,01800,31140,131350,139824,0.9394,True
21,01901,30460,113590,113590,1.0,True
21,01902,30460,107462,107462,1.0,True
21,01903,30460,101518,101518,1.0,True
21,02000,30460,26871,124905,0.2151,False
21,02100,30460,52991,124833,0.4245,False
21,02300,30460,114379,140608,0.8135,True
21,02400,17140,169064,169064,1.0,True
21,02500,17140,135968,135968,1.0,True
21,02600,17140,141351,163439,0.8649,True
21,02700,17140,8400,141240,0.0595,False
21,02800,26580,127143,134497,0.9453,True
39,00200,45780,42713,104826,0.4075,False
39,00301,45780,138675,138675,1.0,True
39,00302,45780,156151,156151,1.0,True
39,00303,45780,113519,113519,1.0,True
39,00401,45780,22934,122194,0.1877,False
39,01600,31900,124936,124936,1.0,True
39,01800,45780,132248,132248,1.0,True
39,02000,30620,102206,102206,1.0,True
39,02300,19430,108774,108774,1.0,True
39,02400,44220,136001,136001,1.0,True
39,02500,18140,165147,165147,1.0,True
39,02600,18140,34950,163030,0.2144,False
39,03100,18140,35408,135620,0.2611,False
39,03200,18140,178519,178519,1.0,True
39,03301,18140,100545,100545,1.0,True
39,03302,18140,113579,113579,1.0,True
39,03401,18140,120960,120960,1.0,True
39,03402,18140,124289,124289,1.0,True
39,03403,18140,111193,111193,1.0,True
39,03404,18140,115442,115442,1.0,True
39,03405,18140,131555,131555,1.0,True
39,03406,18140,109590,109590,1.0,True
39,03407,18140,106942,106942,1.0,True
39,03408,18140,128653,128653,1.0,True
39,03409,18140,161930,161930,1.0,True
39,03410,18140,107237,107237,1.0,True
39,03411,18140,106016,106016,1.0,True
39,03500,18140,158921,158921,1.0,True
39,03600,19430,167966,167966,1.0,True
39,03701,19430,129251,129251,1.0,True
39,03702,19430,109224,109224,1.0,True
39,03703,19430,166954,166954,1.0,True
39,03704,19430,131880,131880,1.0,True
39,03801,17140,128807,128807,1.0,True
39,03802,17140,136815,136815,1.0,True
39,03803,17140,124735,124735,1.0,True
39,03901,17140,117669,117669,1.0,True
39,03902,17140,124668,124668,1.0,True
39,04100,18140,28050,117943,0.2378,False
39,04300,26580,58240,120113,0.4849,False
39,04501,17140,113702,113702,1.0,True
39,04602,17140,138575,138575,1.0,True
39,04701,17140,107204,107204,1.0,True
39,04702,17140,108132,108132,1.0,True
39,04703,17140,150223,150223,1.0,True
39,04704,17140,117223,117223,1.0,True
39,04705,17140,111149,111149,1.0,True
39,04706,17140,126935,126935,1.0,True
39,04707,17140,109773,109773,1.0,True
54,00200,37620,89490,136150,0.6573,True
54,00700,16620,8051,100558,0.0801,False
54,00800,26580,151790,177243,0.8564,True
54,00900,16620,180745,180745,1.0,True
54,01200,16620,21809,177882,0.1226,False
54,01200,26580,38982,177882,0.2191,False
